mutation,interactor,pred_after,pred_logic_0,pred_logic_1,label_after,label_before
smile.26121_27858,smile.5987,0,0.8082283735275269,0.19177162647247314,1,1
smile.11277_20857,smile.386675,0,0.9167543053627014,0.08324569463729858,1,1
smile.2010_6172,smile.80321,0,0.9153479933738708,0.08465200662612915,1,1
smile.26121_27858,smile.200845,0,0.8279024958610535,0.17209750413894653,1,1
smile.7170_10346,smile.79036,0,0.9856157302856445,0.014384269714355469,1,1
smile.88_900208,smile.10218,1,0.10356175899505615,0.8964382410049438,0,1
smile.8985_12131,smile.80258,0,0.7444091439247131,0.25559085607528687,1,1
smile.2010_6171,smile.9217,0,0.9421303272247314,0.057869672775268555,1,1
smile.7050_2923,smile.1487,0,0.9192277789115906,0.08077222108840942,1,1
smile.3853_900193,smile.24144,1,0.45015716552734375,0.5498428344726562,1,1
smile.10682_3562,smile.10488,1,0.048362016677856445,0.9516379833221436,1,1
smile.5805_2488,smile.5805,0,0.9375497102737427,0.062450289726257324,1,1
smile.9370_31129,smile.665,0,0.9940757751464844,0.005924224853515625,1,1
smile.26277_900184,smile.65057,1,0.0005245804786682129,0.9994754195213318,1,1
smile.1146_31617,smile.10253,1,0.00010752677917480469,0.9998924732208252,0,1
smile.4088_20082,smile.79869,0,0.9551225304603577,0.044877469539642334,1,1
smile.50943_900167,smile.122183,0,0.840208888053894,0.15979111194610596,1,1
smile.2326_18967,smile.10488,1,0.13099348545074463,0.8690065145492554,0,1
smile.1019_7695,smile.1030,0,0.9087080955505371,0.09129190444946289,1,1
smile.190_12804,smile.2516,1,0.08854413032531738,0.9114558696746826,1,1
smile.88_900205,smile.516,1,0.0031252503395080566,0.9968747496604919,0,1
smile.6440_10355,smile.163183,0,0.9437395334243774,0.05626046657562256,1,1
smile.1413_900166,smile.22806,1,0.4442629814147949,0.5557370185852051,0,1
smile.717_35065,smile.10488,1,0.47701334953308105,0.522986650466919,1,1
smile.7050_900150,smile.1488,0,0.8078209161758423,0.19217908382415771,1,1
smile.4088_900229,smile.4223,0,0.9823309183120728,0.017669081687927246,1,1
smile.359_18700,smile.10488,1,0.018434345722198486,0.9815656542778015,1,1
smile.7284_6726,smile.171483,0,0.9807718396186829,0.01922816038131714,1,1
smile.2010_6171,smile.51213,0,0.5698447227478027,0.43015527725219727,1,1
smile.3329_7064,smile.84445,0,0.7575803399085999,0.24241966009140015,1,1
smile.114327_14148,smile.56159,0,0.696003794670105,0.303996205329895,1,1
smile.2670_5192,smile.3866,0,0.9993385672569275,0.0006614327430725098,1,1
smile.6812_13919,smile.8676,1,0.0020475387573242188,0.9979524612426758,0,1
smile.114327_14141,smile.6925,0,0.5504900217056274,0.44950997829437256,0,1
smile.7170_10341,smile.3437,0,0.9855431318283081,0.014456868171691895,1,1
smile.3875_5680,smile.9146,0,0.667309045791626,0.332690954208374,0,1
smile.6820_4090,smile.130540,0,0.88270503282547,0.11729496717453003,1,1
smile.51778_900235,smile.88,1,0.06857579946517944,0.9314242005348206,1,1
smile.51778_10277,smile.81,0,0.5856640338897705,0.4143359661102295,1,1
smile.1146_31617,smile.386681,1,0.00025767087936401367,0.999742329120636,0,1
smile.2896_3634,smile.55738,1,0.0059310197830200195,0.99406898021698,0,1
smile.8575_10869,smile.6895,0,0.6828153729438782,0.3171846270561218,1,1
smile.2623_11502,smile.7205,0,0.9731094241142273,0.026890575885772705,1,1
smile.71_20920,smile.60,1,0.2562553882598877,0.7437446117401123,0,1
smile.5805_2495,smile.5805,0,0.9435508847236633,0.05644911527633667,1,1
smile.2896_3634,smile.10539,1,0.1252080202102661,0.8747919797897339,0,1
smile.88_19478,smile.8738,1,0.488192617893219,0.511807382106781,0,1
smile.2896_3613,smile.6449,1,0.4984464645385742,0.5015535354614258,0,1
smile.3875_5683,smile.93426,1,0.07189041376113892,0.9281095862388611,1,1
smile.1410_10182,smile.1409,0,0.9753300547599792,0.024669945240020752,1,1
smile.56997_7775,smile.113878,0,0.8411796689033508,0.15882033109664917,0,1
smile.3875_5680,smile.2801,0,0.5668153762817383,0.4331846237182617,0,1
smile.3853_9179,smile.373,0,0.783193826675415,0.21680617332458496,1,1
smile.8468_900211,smile.84445,1,0.030430614948272705,0.9695693850517273,1,1
smile.3689_8979,smile.388677,0,0.9080401062965393,0.0919598937034607,1,1
smile.3875_5674,smile.2801,0,0.573021650314331,0.42697834968566895,0,1
smile.7168_8945,smile.8379,0,0.9426636099815369,0.057336390018463135,1,1
smile.6442_15454,smile.6449,0,0.8007755279541016,0.19922447204589844,1,1
smile.974_17961,smile.6449,0,0.8875498175621033,0.11245018243789673,0,1
smile.2896_3635,smile.3198,1,0.13636302947998047,0.8636369705200195,1,1
smile.11144_32386,smile.5684,1,0.47351574897766113,0.5264842510223389,0,1
smile.50489_900152,smile.65983,0,0.7643736004829407,0.23562639951705933,1,1
smile.7170_10346,smile.374666,1,0.09826481342315674,0.9017351865768433,0,1
smile.56997_7778,smile.100288797,1,0.07339447736740112,0.9266055226325989,1,1
smile.10516_34740,smile.4223,0,0.8009817600250244,0.19901823997497559,0,1
smile.2328_17221,smile.10488,0,0.6181582808494568,0.3818417191505432,1,1
smile.114327_14138,smile.56159,0,0.5433689951896667,0.45663100481033325,1,1
smile.10682_3597,smile.10488,1,0.08238935470581055,0.9176106452941895,1,1
smile.2010_6171,smile.8815,0,0.9161219596862793,0.0838780403137207,1,1
smile.56997_7777,smile.57146,1,0.08734136819839478,0.9126586318016052,0,1
smile.3853_9186,smile.3801,0,0.5478119254112244,0.45218807458877563,0,1
smile.114327_14138,smile.7186,1,0.4184068441390991,0.5815931558609009,0,1
smile.114327_900201,smile.339834,0,0.5188241600990295,0.48117583990097046,1,1
smile.9516_900154,smile.10254,1,0.03172367811203003,0.96827632188797,1,1
smile.114327_900201,smile.7186,0,0.5188241600990295,0.48117583990097046,1,1
smile.114327_900199,smile.2801,1,0.49847960472106934,0.5015203952789307,1,1
smile.114327_900199,smile.3866,0,0.6386051177978516,0.36139488220214844,1,1
smile.3853_9178,smile.3881,0,0.9985363483428955,0.0014636516571044922,1,1
smile.222662_3287,smile.10488,0,0.8897571563720703,0.11024284362792969,1,1
smile.79577_20643,smile.23281,1,0.2034919261932373,0.7965080738067627,0,1
smile.3853_9178,smile.3866,0,0.9992585778236389,0.000741422176361084,1,1
smile.3849_30963,smile.3881,0,0.9982829093933105,0.0017170906066894531,1,1
smile.4292_4400,smile.54906,1,0.45273083448410034,0.5472691655158997,0,1
smile.3853_9179,smile.3860,0,0.9992743134498596,0.0007256865501403809,1,1
smile.2100_2792,smile.4188,0,0.8379969745874405,0.1620030254125595,1,0
smile.4688_6812,smile.22920,1,0.44797277450561523,0.5520272254943848,1,1
smile.642_12061,smile.83594,0,0.6378257870674133,0.36217421293258667,1,1
smile.3853_900195,smile.125115,0,0.9905153512954712,0.009484648704528809,1,1
smile.91647_20861,smile.4105,1,0.02651059627532959,0.9734894037246704,0,1
smile.114327_14147,smile.9454,0,0.5795444250106812,0.42045557498931885,0,1
smile.5805_2520,smile.5805,0,0.9466343522071838,0.05336564779281616,0,1
smile.3853_900196,smile.373,0,0.7972811460494995,0.2027188539505005,1,1
smile.51778_10278,smile.88,1,0.07676756381988525,0.9232324361801147,1,1
smile.1027_2934,smile.55145,0,0.6976272165775299,0.3023727834224701,1,0
smile.1413_22896,smile.57409,1,0.2703593373298645,0.7296406626701355,0,1
smile.3849_30966,smile.3880,0,0.9994582533836365,0.0005417466163635254,0,1
smile.54840_30209,smile.9240,1,0.3329981565475464,0.6670018434524536,0,1
smile.71_20919,smile.60,1,0.253389835357666,0.746610164642334,0,1
smile.50489_900152,smile.10488,0,0.7643736004829407,0.23562639951705933,1,1
smile.114327_14148,smile.56478,1,0.4763668179512024,0.5236331820487976,0,1
smile.84547_900215,smile.342945,0,0.8463388085365295,0.15366119146347046,1,1
smile.4258_20804,smile.10488,1,0.0008612871170043945,0.9991387128829956,1,1
smile.2896_3622,smile.388818,0,0.8680715560913086,0.1319284439086914,1,1
smile.1146_31616,smile.386681,1,0.00025266408920288086,0.9997473359107971,0,1
smile.3848_23287,smile.5987,1,0.010657548904418945,0.989342451095581,1,0
smile.3853_9186,smile.8687,0,0.9992876648902893,0.0007123351097106934,1,1
smile.56997_900203,smile.51100,1,0.09866952896118164,0.9013304710388184,1,1
smile.4088_900229,smile.4089,0,0.7831552624702454,0.21684473752975464,1,1
smile.7168_8945,smile.7138,1,0.06666404008865356,0.9333359599113464,1,1
smile.88_19478,smile.10534,1,0.0054732561111450195,0.994526743888855,0,1
smile.5892_12776,smile.84970,1,0.32978034019470215,0.6702196598052979,0,1
smile.50489_21248,smile.10488,0,0.7738263010978699,0.22617369890213013,0,1
smile.6812_13918,smile.415117,1,0.0018422603607177734,0.9981577396392822,0,1
smile.169026_900180,smile.90993,1,0.0013737082481384277,0.9986262917518616,1,1
smile.2010_6159,smile.9217,0,0.9407315850257874,0.059268414974212646,1,1
smile.5631_6820,smile.5631,0,0.9843863844871521,0.0156136155128479,1,1
smile.6440_10351,smile.10488,0,0.9359025955200195,0.06409740447998047,1,1
smile.2328_17218,smile.10488,0,0.6589468121528625,0.34105318784713745,1,1
smile.4615_277,smile.4615,1,0.37777459621429443,0.6222254037857056,1,1
smile.8890_6448,smile.8892,1,0.3275127410888672,0.6724872589111328,0,1
smile.9370_31129,smile.147872,0,0.9940757751464844,0.005924224853515625,1,1
smile.1019_7694,smile.1031,0,0.9099842309951782,0.09001576900482178,0,1
smile.222662_3286,smile.147872,0,0.8974823951721191,0.10251760482788086,1,1
smile.4292_4520,smile.220082,0,0.5962866544723511,0.4037133455276489,1,1
smile.5892_12776,smile.84708,0,0.7274091839790344,0.2725908160209656,0,1
smile.3853_9178,smile.3860,0,0.9992596507072449,0.000740349292755127,1,1
smile.5631_6815,smile.5634,0,0.9845671653747559,0.01543283462524414,1,1
smile.3853_900200,smile.373,0,0.7894991040229797,0.21050089597702026,1,1
smile.2203_4170,smile.2203,0,0.7676658034324646,0.2323341965675354,1,1
smile.7170_10341,smile.3298,0,0.8294800519943237,0.17051994800567627,0,1
smile.79188_6046,smile.6477,1,0.48442333936691284,0.5155766606330872,1,1
smile.2010_6159,smile.222389,0,0.9149661064147949,0.08503389358520508,1,1
smile.2010_6172,smile.4223,0,0.9495730400085449,0.05042695999145508,1,1
smile.15_22963,smile.8553,0,0.884191632270813,0.11580836772918701,0,1
smile.3623_9253,smile.6477,0,0.9355406761169434,0.06445932388305664,1,1
smile.2010_6161,smile.51213,1,0.4992474317550659,0.5007525682449341,1,1
smile.1019_7695,smile.51361,0,0.9641775488853455,0.03582245111465454,1,1
smile.5892_12776,smile.3801,0,0.9532195925712585,0.046780407428741455,0,1
smile.3849_30963,smile.3860,0,0.9993392825126648,0.0006607174873352051,1,1
smile.9672_11465,smile.386682,1,0.0024753212928771973,0.9975246787071228,0,1
smile.4059_19467,smile.11275,0,0.93886798620224,0.06113201379776001,1,1
smile.2010_6171,smile.80321,0,0.9105367064476013,0.08946329355239868,1,1
smile.6404_15677,smile.4100,0,0.6045370697975159,0.39546293020248413,1,1
smile.2203_900209,smile.8789,0,0.7554768323898315,0.24452316761016846,1,1
smile.389434_22165,smile.140691,0,0.9759307503700256,0.024069249629974365,1,1
smile.2010_6171,smile.287015,0,0.943767249584198,0.056232750415802,1,1
smile.4292_4465,smile.4107,0,0.5428295135498047,0.4571704864501953,1,1
smile.2010_6159,smile.51213,1,0.4935709834098816,0.5064290165901184,1,1
smile.7170_10339,smile.374666,0,0.7643232941627502,0.23567670583724976,1,1
smile.84547_32878,smile.55663,0,0.8496577143669128,0.15034228563308716,1,1
smile.4068_21325,smile.10188,0,0.9668734073638916,0.0331265926361084,1,1
smile.56997_900203,smile.92840,1,0.09866952896118164,0.9013304710388184,1,1
smile.3849_30968,smile.125115,0,0.9835432767868042,0.0164567232131958,0,1
smile.2670_5209,smile.2801,0,0.9427201747894287,0.05727982521057129,1,1
smile.1146_31615,smile.4188,1,7.236003875732422e-05,0.9999276399612427,0,1
smile.10133_11123,smile.51019,0,0.9504621624946594,0.049537837505340576,1,1
smile.51778_900235,smile.81,0,0.5906980037689209,0.4093019962310791,1,1
smile.15_900207,smile.4188,0,0.9725243449211121,0.02747565507888794,1,1
smile.5354_7807,smile.5798,1,0.32693493366241455,0.6730650663375854,0,1
smile.9129_5696,smile.1912,1,0.021590828895568848,0.9784091711044312,0,1
smile.114327_14141,smile.386618,0,0.5837822556495667,0.41621774435043335,0,1
smile.6258_12775,smile.5914,0,0.8303508758544922,0.1696491241455078,1,1
smile.7050_2919,smile.1487,0,0.740242063999176,0.259757936000824,0,1
smile.84547_900216,smile.84838,0,0.8523291945457458,0.14767080545425415,1,1
smile.4292_4554,smile.220082,0,0.5038343071937561,0.4961656928062439,0,1
smile.3853_900193,smile.3801,0,0.7070174813270569,0.2929825186729431,1,1
smile.6812_13918,smile.6811,1,0.00238955020904541,0.9976104497909546,0,1
smile.2592_919,smile.10188,0,0.9197651743888855,0.0802348256111145,1,1
smile.3853_9178,smile.2801,0,0.737705647945404,0.26229435205459595,0,1
smile.359_18674,smile.10488,1,0.006639540195465088,0.9933604598045349,0,1
smile.88_900208,smile.27295,1,0.06708526611328125,0.9329147338867188,1,1
smile.26121_27858,smile.11043,0,0.8948867321014404,0.10511326789855957,1,1
smile.6820_4089,smile.130540,0,0.8844228386878967,0.11557716131210327,1,1
smile.26121_27858,smile.6871,0,0.7119506001472473,0.2880493998527527,1,1
smile.26121_27858,smile.30008,0,0.9072545766830444,0.09274542331695557,1,1
smile.88_900205,smile.51125,1,0.001045823097229004,0.998954176902771,0,1
smile.8468_18108,smile.4223,0,0.935919463634491,0.06408053636550903,0,1
smile.4088_20082,smile.11059,0,0.9384151101112366,0.06158488988876343,1,1
smile.3329_7063,smile.84445,0,0.7558503746986389,0.24414962530136108,1,1
smile.7168_8950,smile.7138,1,0.11818844079971313,0.8818115592002869,1,1
smile.2623_11498,smile.7205,0,0.9684776663780212,0.03152233362197876,1,1
smile.114327_14148,smile.7205,0,0.8495885729789734,0.1504114270210266,1,1
smile.22954_7116,smile.5152,1,0.2243974804878235,0.7756025195121765,1,1
smile.6103_900179,smile.57096,0,0.9379851222038269,0.062014877796173096,1,1
smile.8468_18108,smile.339834,0,0.9648083448410034,0.03519165515899658,1,1
smile.3251_14820,smile.56952,0,0.6869570016860962,0.3130429983139038,0,1
smile.1146_31616,smile.386675,1,0.00025266408920288086,0.9997473359107971,0,1
smile.88_900208,smile.26240,1,0.49255669116973877,0.5074433088302612,0,1
smile.1413_22895,smile.7205,1,0.20944076776504517,0.7905592322349548,0,1
smile.7170_10342,smile.11339,1,0.416856050491333,0.583143949508667,0,1
smile.2010_6171,smile.6810,0,0.943767249584198,0.056232750415802,1,1
smile.2623_11498,smile.4188,0,0.9332864284515381,0.06671357154846191,1,1
smile.3853_900195,smile.24144,1,0.477962851524353,0.522037148475647,1,1
smile.1146_31617,smile.4223,1,8.171796798706055e-05,0.9999182820320129,0,1
smile.1413_900166,smile.8676,1,0.06362491846084595,0.936375081539154,0,1
smile.3853_9184,smile.57159,1,0.409138560295105,0.590861439704895,1,1
smile.88_19478,smile.5500,1,0.00025278329849243164,0.9997472167015076,0,1
smile.2896_3634,smile.3198,1,0.1286066174507141,0.8713933825492859,0,1
smile.358_2401,smile.10488,1,0.16498059034347534,0.8350194096565247,1,1
smile.10102_34394,smile.10928,1,0.017876148223876953,0.982123851776123,0,1
smile.6898_28864,smile.2752,0,0.6991396546363831,0.30086034536361694,1,1
smile.114327_14138,smile.9454,0,0.5306583046913147,0.4693416953086853,0,1
smile.3848_23287,smile.2801,1,0.35509276390075684,0.6449072360992432,1,0
smile.8468_18108,smile.391257,0,0.935919463634491,0.06408053636550903,0,1
smile.1031_23767,smile.6938,1,0.013361692428588867,0.9866383075714111,0,1
smile.88_900205,smile.2625,1,0.011022627353668213,0.9889773726463318,0,1
smile.3848_23287,smile.3866,0,0.9993705153465271,0.0006294846534729004,1,1
smile.1031_23767,smile.10768,1,0.054091453552246094,0.9459085464477539,0,1
smile.1019_7695,smile.595,0,0.9147018194198608,0.08529818058013916,1,1
smile.5892_900197,smile.7516,1,0.4898011088371277,0.5101988911628723,1,1
smile.79577_20642,smile.147872,1,0.11911958456039429,0.8808804154396057,0,1
smile.5892_900197,smile.84445,1,0.46435755491256714,0.5356424450874329,1,1
smile.84547_900222,smile.7572,0,0.8545626997947693,0.1454373002052307,1,1
smile.9247_23001,smile.2275,1,0.4383295774459839,0.5616704225540161,0,1
smile.311_9654,smile.10016,0,0.9748082160949707,0.025191783905029297,1,1
smile.6103_17181,smile.57096,0,0.9392122626304626,0.060787737369537354,0,1
smile.1413_22896,smile.80125,1,0.1920565366744995,0.8079434633255005,0,1
smile.9247_900204,smile.11030,0,0.9290525913238525,0.07094740867614746,1,1
smile.26121_27858,smile.58500,0,0.9362370371818542,0.06376296281814575,1,1
smile.2670_900221,smile.2801,0,0.9825389385223389,0.017461061477661133,1,1
smile.2010_6159,smile.287015,0,0.9512432217597961,0.04875677824020386,1,1
smile.88_19478,smile.6672,1,0.002383410930633545,0.9976165890693665,0,1
smile.4059_19474,smile.11275,0,0.9392425417900085,0.060757458209991455,1,1
smile.3849_900198,smile.8687,0,0.9995245933532715,0.0004754066467285156,1,1
smile.50489_900155,smile.10488,0,0.760931670665741,0.23906832933425903,1,1
smile.84547_900222,smile.3164,0,0.8962898850440979,0.1037101149559021,1,1
smile.5354_7788,smile.5798,1,0.2680072784423828,0.7319927215576172,0,1
smile.26121_27858,smile.386676,0,0.9706522822380066,0.029347717761993408,1,1
smile.88_19478,smile.29781,1,0.06172221899032593,0.9382777810096741,0,1
smile.10133_11121,smile.10318,0,0.7464838624000549,0.25351613759994507,1,1
smile.50489_21246,smile.65983,0,0.7284242510795593,0.2715757489204407,0,1
smile.6103_17161,smile.57096,0,0.934758186340332,0.06524181365966797,0,1
smile.6770_1261,smile.4110,1,0.03266805410385132,0.9673319458961487,1,1
smile.26121_27858,smile.1912,0,0.8809494972229004,0.11905050277709961,1,1
smile.84547_900214,smile.55663,0,0.8417178988456726,0.1582821011543274,1,1
smile.3849_30968,smile.3881,0,0.9982582926750183,0.0017417073249816895,1,1
smile.84547_900215,smile.3164,0,0.9201743006706238,0.07982569932937622,1,1
smile.3853_900200,smile.3860,0,0.9992929697036743,0.0007070302963256836,1,1
smile.6812_13918,smile.8676,1,0.0018422603607177734,0.9981577396392822,0,1
smile.114327_900199,smile.5966,0,0.6536173820495605,0.34638261795043945,1,1
smile.8419_27474,smile.51562,0,0.9880956411361694,0.011904358863830566,1,1
smile.2326_18966,smile.10488,1,0.3032740354537964,0.6967259645462036,1,1
smile.60_12761,smile.10486,0,0.6129661798477173,0.3870338201522827,0,1
smile.88_900208,smile.53340,1,0.002543628215789795,0.9974563717842102,0,1
smile.114327_900199,smile.7186,1,0.4756951332092285,0.5243048667907715,1,1
smile.6440_10351,smile.6440,1,0.17399460077285767,0.8260053992271423,0,1
smile.22954_7116,smile.10152,1,0.015334904193878174,0.9846650958061218,0,1
smile.88_900205,smile.79696,1,0.00578993558883667,0.9942100644111633,0,1
smile.7020_4070,smile.119391,1,0.09598135948181152,0.9040186405181885,1,1
smile.6812_13918,smile.79173,1,0.0036339759826660156,0.996366024017334,0,1
smile.4292_4520,smile.54906,1,0.47561442852020264,0.5243855714797974,1,1
smile.114327_14147,smile.85376,0,0.5877591371536255,0.4122408628463745,0,1
smile.149461_17523,smile.10488,0,0.8576210141181946,0.14237898588180542,0,1
smile.2512_8432,smile.2495,0,0.6970443725585938,0.30295562744140625,0,1
smile.1413_900166,smile.80125,1,0.17425835132598877,0.8257416486740112,0,1
smile.114327_14148,smile.9189,1,0.11234605312347412,0.8876539468765259,0,1
smile.114327_14141,smile.56159,0,0.5504900217056274,0.44950997829437256,0,1
smile.22954_7115,smile.10567,1,7.897615432739258e-05,0.9999210238456726,1,1
smile.6898_28869,smile.7337,1,0.32246172428131104,0.677538275718689,0,1
smile.358_2398,smile.10488,1,0.11285269260406494,0.8871473073959351,1,1
smile.443_15684,smile.9817,1,0.2418723702430725,0.7581276297569275,1,0
smile.11277_20848,smile.386675,0,0.9084779024124146,0.09152209758758545,1,1
smile.685_11408,smile.6449,0,0.9470646381378174,0.05293536186218262,1,1
smile.335_10211,smile.116173,1,5.8591365814208984e-05,0.9999414086341858,0,1
smile.2010_6171,smile.89885,0,0.5698447227478027,0.43015527725219727,1,1
smile.84547_900216,smile.51282,0,0.8980786800384521,0.10192131996154785,1,1
smile.71_20917,smile.10486,0,0.6145150065422058,0.3854849934577942,1,1
smile.7020_4071,smile.119391,1,0.10464262962341309,0.8953573703765869,1,1
smile.2010_6159,smile.4223,0,0.949665904045105,0.05033409595489502,1,1
smile.10133_11120,smile.10137,0,0.8999099731445312,0.10009002685546875,1,1
smile.11136_21138,smile.10488,0,0.9449754953384399,0.05502450466156006,0,1
smile.6820_4090,smile.27284,0,0.9211503863334656,0.07884961366653442,1,1
smile.2010_6159,smile.8815,0,0.9149661064147949,0.08503389358520508,1,1
smile.2670_5192,smile.3880,0,0.9993721842765808,0.0006278157234191895,1,1
smile.114327_900199,smile.56478,1,0.4756951332092285,0.5243048667907715,1,1
smile.5631_6820,smile.5634,0,0.9843786358833313,0.015621364116668701,1,1
smile.2623_11502,smile.84445,0,0.8046917915344238,0.19530820846557617,1,1
smile.8419_27474,smile.83878,0,0.9880956411361694,0.011904358863830566,1,1
smile.26121_27858,smile.159163,0,0.9849504232406616,0.015049576759338379,1,1
smile.4292_4554,smile.54906,1,0.4291837215423584,0.5708162784576416,0,1
smile.1413_22896,smile.2202,1,0.31091809272766113,0.6890819072723389,0,1
smile.10133_11121,smile.51019,0,0.950762927532196,0.049237072467803955,1,1
smile.56997_900212,smile.51100,1,0.094268798828125,0.905731201171875,1,1
smile.240_28873,smile.285753,0,0.878889262676239,0.12111073732376099,1,1
smile.84547_900214,smile.84838,0,0.8417178988456726,0.1582821011543274,1,1
smile.3853_9179,smile.125115,0,0.9901043772697449,0.009895622730255127,1,1
smile.71_20917,smile.1073,1,0.12886440753936768,0.8711355924606323,1,1
smile.56997_7780,smile.51100,1,0.09162408113479614,0.9083759188652039,0,1
smile.26121_27858,smile.24144,0,0.8010652661323547,0.19893473386764526,1,1
smile.3853_900200,smile.125115,0,0.9903935790061951,0.009606420993804932,1,1
smile.2010_6172,smile.89885,0,0.5161464810371399,0.4838535189628601,1,1
smile.8419_900226,smile.51562,0,0.9667975902557373,0.033202409744262695,1,1
smile.7137_30779,smile.7125,0,0.9917425513267517,0.008257448673248291,1,1
smile.5892_900197,smile.10320,1,0.2954093813896179,0.7045906186103821,1,1
smile.114327_900199,smile.339834,1,0.4756951332092285,0.5243048667907715,1,1
smile.2010_6159,smile.7718,0,0.9769619703292847,0.023038029670715332,1,1
smile.149461_900213,smile.10488,0,0.8750675320625305,0.12493246793746948,1,1
smile.114327_14147,smile.5966,0,0.5877591371536255,0.4122408628463745,0,1
smile.2067_20204,smile.84993,0,0.6407806277275085,0.35921937227249146,1,1
smile.4688_6806,smile.22920,1,0.19728881120681763,0.8027111887931824,0,1
smile.84547_32878,smile.342945,0,0.8496577143669128,0.15034228563308716,1,1
smile.26277_9340,smile.65057,1,0.0005534887313842773,0.9994465112686157,1,1
smile.3875_5675,smile.93426,1,0.07766330242156982,0.9223366975784302,1,1
smile.56997_900203,smile.100288797,1,0.09866952896118164,0.9013304710388184,1,1
smile.26121_27858,smile.9240,1,0.16954553127288818,0.8304544687271118,1,1
smile.88_900208,smile.5500,1,0.0002580881118774414,0.9997419118881226,0,1
smile.9129_5698,smile.114928,0,0.8854045867919922,0.11459541320800781,1,1
smile.5354_7807,smile.10488,0,0.5523363947868347,0.4476636052131653,1,1
smile.114327_14147,smile.2801,1,0.41655588150024414,0.5834441184997559,0,1
smile.5307_11066,smile.2801,0,0.9894127249717712,0.01058727502822876,1,1
smile.91647_20861,smile.84708,1,0.3219776153564453,0.6780223846435547,0,1
smile.3552_900218,smile.23633,0,0.9656447172164917,0.0343552827835083,1,1
smile.2202_12683,smile.4223,0,0.8882351517677307,0.11176484823226929,1,1
smile.56997_7775,smile.92840,1,0.04948234558105469,0.9505176544189453,0,1
smile.9129_5696,smile.11043,1,0.06986856460571289,0.9301314353942871,1,1
smile.56997_7777,smile.92840,1,0.08734136819839478,0.9126586318016052,0,1
smile.81494_900230,smile.90993,0,0.984545111656189,0.015454888343811035,1,1
smile.56997_7777,smile.100288797,1,0.08734136819839478,0.9126586318016052,0,1
smile.4292_4554,smile.4107,0,0.516377329826355,0.483622670173645,0,1
smile.56997_7777,smile.57085,0,0.9435861110687256,0.056413888931274414,1,1
smile.79577_20642,smile.2801,1,0.20513105392456055,0.7948689460754395,0,1
smile.51251_23457,smile.29979,1,0.3946061134338379,0.6053938865661621,1,1
smile.4292_4400,smile.80125,1,0.14276331663131714,0.8572366833686829,0,1
smile.3981_2943,smile.7518,1,0.19352662563323975,0.8064733743667603,1,1
smile.5360_9310,smile.10488,0,0.6722928881645203,0.32770711183547974,1,1
smile.88_900208,smile.54472,1,0.005991101264953613,0.9940088987350464,0,1
