mutation,interactor,pred_change,pred_logic_0,pred_logic_1,label_change,label_before
smile.56997_7778,smile.57085,0,10.017772674560547,0.0,0,1
smile.2010_6172,smile.55734,0,15.309152603149414,0.0,0,1
smile.5176_8807,smile.9852,0,2.0073487758636475,0.0,0,1
smile.10133_11123,smile.10133,0,11.78808879852295,0.0,0,1
smile.5354_7812,smile.10488,1,0.0,2.168353796005249,0,1
smile.56997_900203,smile.57085,0,11.677961349487305,0.0,0,1
smile.1413_22896,smile.22806,1,0.0,4.590261459350586,1,1
smile.2010_6159,smile.10488,0,9.92024040222168,0.0,0,1
smile.1146_31615,smile.3881,1,0.0,4.004980087280273,1,1
smile.79577_20643,smile.147872,1,0.0,2.1180009841918945,1,1
smile.4000_7214,smile.4000,1,0.0,1.8176201581954956,1,1
smile.84547_900214,smile.7186,0,6.524349689483643,0.0,0,1
smile.4088_900229,smile.1406,0,7.124900817871094,0.0,0,1
smile.2010_6161,smile.8815,0,14.837835311889648,0.0,0,1
smile.3853_9184,smile.8687,0,1.3129429817199707,0.43032020330429077,0,1
smile.114327_900201,smile.85376,0,12.434928894042969,0.0,0,1
smile.2896_3634,smile.6449,1,0.0,2.5441572666168213,1,1
smile.60_12760,smile.60,0,6.530967712402344,0.0,0,1
smile.2896_3635,smile.80125,1,0.30048564076423645,0.5404434204101562,1,1
smile.1019_7696,smile.894,0,12.884805679321289,0.0,0,1
smile.6495_9986,smile.166,0,7.38649845123291,0.0,0,1
smile.7168_8945,smile.3437,0,3.5891776084899902,0.0,0,1
smile.1413_900166,smile.2202,1,0.0,4.756061553955078,1,1
smile.9516_25126,smile.10133,1,0.0,2.148284912109375,1,1
smile.6442_15475,smile.6449,0,5.819349765777588,0.0,0,1
smile.51477_12130,smile.9618,0,3.987746000289917,0.0,0,1
smile.1019_7695,smile.896,0,11.835493087768555,0.0,0,1
smile.114327_14138,smile.339834,1,0.0,2.524911403656006,1,1
smile.7421_18448,smile.9319,0,4.497220039367676,0.0,0,1
smile.88_900208,smile.516,1,0.0,2.209928274154663,1,1
smile.10133_11117,smile.10133,0,5.148388385772705,0.0,1,1
smile.145226_15158,smile.11030,0,1.7564607858657837,0.46590080857276917,0,1
smile.88_19478,smile.79696,1,0.0,4.261875629425049,1,1
smile.10195_7994,smile.10488,0,3.776587963104248,0.0,1,1
smile.84547_32878,smile.3164,0,7.044900417327881,0.0,0,1
smile.3853_9184,smile.3860,0,2.246804714202881,0.0,0,1
smile.56997_7780,smile.24144,1,0.0,3.20447039604187,1,1
smile.114327_14148,smile.9454,0,1.5932310819625854,0.0,0,1
smile.3853_9184,smile.24144,1,0.055901478976011276,1.0776585340499878,1,1
smile.4068_21307,smile.89884,0,6.6521897315979,0.0,0,1
smile.81494_25975,smile.90993,0,8.595980644226074,0.0,0,1
smile.7050_900158,smile.1487,0,10.43613052368164,0.0,0,1
smile.767_23161,smile.25896,1,0.0,3.5623209476470947,1,1
smile.3853_900195,smile.3881,0,10.963239669799805,0.0,0,1
smile.7170_10341,smile.374666,1,0.0,2.575984239578247,1,1
smile.6440_10367,smile.85027,0,2.342905044555664,0.0,0,1
smile.1146_31616,smile.386682,1,0.0,4.716487884521484,1,1
smile.114327_14141,smile.9454,1,0.0,2.833913803100586,1,1
smile.359_18683,smile.10488,0,2.544893741607666,0.0,0,1
smile.50943_27199,smile.122183,1,0.0,1.559677243232727,1,1
smile.3488_5215,smile.10488,0,2.5564892292022705,0.0,0,1
smile.56997_7780,smile.116173,1,0.2895951569080353,1.4008411169052124,0,1
smile.79053_11053,smile.10488,0,2.440347194671631,0.0,0,1
smile.5892_12776,smile.22806,1,0.0,3.0185039043426514,1,1
smile.145226_15181,smile.11030,0,5.737668037414551,0.0,0,1
smile.81_9356,smile.4223,1,0.0,2.5295543670654297,0,1
smile.3853_9186,smile.373,1,0.0,2.375575304031372,1,1
smile.889_35268,smile.83605,0,13.54587459564209,0.0,0,1
smile.3849_30968,smile.3866,0,2.9876763820648193,0.0,0,1
smile.9247_23002,smile.2275,1,0.0,3.031371593475342,0,1
smile.3849_30966,smile.125115,1,0.0,2.2198092937469482,1,1
smile.50484_27909,smile.10193,1,0.0,3.793548583984375,0,1
smile.57761_10895,smile.57096,0,10.74067211151123,0.0,0,1
smile.212_15642,smile.54971,1,0.3290438950061798,1.2366714477539062,0,1
smile.1146_31616,smile.3881,1,0.0,4.716487884521484,1,1
smile.3689_8970,smile.388677,0,1.8523919582366943,0.2108408808708191,0,1
smile.4088_20082,smile.8548,0,11.631082534790039,0.0,0,1
smile.114327_14141,smile.56478,1,0.0,2.4770991802215576,1,1
smile.26119_16945,smile.23550,0,3.443742036819458,0.0,0,1
smile.5350_10285,smile.1896,0,9.68176555633545,0.0,0,1
smile.5307_11066,smile.11030,1,0.04139333963394165,1.4664647579193115,0,1
smile.8419_900226,smile.93426,0,9.194840431213379,0.0,0,1
smile.4088_900229,smile.79869,0,6.812373638153076,0.0,0,1
smile.1413_22895,smile.9457,1,0.0,6.6291937828063965,1,1
smile.9516_25126,smile.29979,1,0.0,2.4819843769073486,1,1
smile.6440_10355,smile.85027,0,3.5341010093688965,0.0,0,1
smile.114327_14147,smile.7205,1,0.0,1.9205474853515625,1,1
smile.114327_14148,smile.339834,0,2.0001907348632812,0.0,1,1
smile.4350_14045,smile.51171,0,3.726923704147339,0.0,0,1
smile.6898_28864,smile.7337,0,3.179030179977417,0.0,1,1
smile.8468_18108,smile.84445,1,0.0,3.3465042114257812,1,1
smile.88_19478,smile.83473,1,0.0,4.462883472442627,1,1
smile.56997_900212,smile.10567,0,10.81467056274414,0.0,0,1
smile.8529_34486,smile.10488,0,3.443319797515869,0.0,1,1
smile.56997_900212,smile.57085,0,14.040133476257324,0.0,0,1
smile.5631_6815,smile.5631,0,13.243185043334961,0.0,0,1
smile.56997_7775,smile.51100,1,0.0,2.50038743019104,1,1
smile.71_20919,smile.71,1,0.0,2.1208291053771973,1,1
smile.7284_900231,smile.171483,0,5.341830253601074,0.0,0,1
smile.55163_900160,smile.57085,0,1.3881224393844604,0.7485929727554321,0,1
smile.11144_32386,smile.79734,1,0.0,2.9013919830322266,1,1
smile.84547_900215,smile.51282,0,15.747932434082031,0.0,0,1
smile.55163_8612,smile.57085,1,0.0,3.5726311206817627,1,1
smile.88_19478,smile.158297,1,0.0,2.4530129432678223,0,1
smile.50943_27193,smile.122183,0,8.157523155212402,0.0,1,1
smile.56997_900203,smile.113878,0,11.677961349487305,0.0,0,1
smile.1437_31715,smile.4223,0,6.0809645652771,0.0,0,1
smile.114327_900201,smile.2801,0,14.225250244140625,0.0,0,1
smile.91647_20861,smile.84445,1,0.0,4.621674060821533,1,1
smile.3853_9186,smile.3881,0,1.7600646018981934,0.5736639499664307,0,1
smile.51778_10277,smile.88,0,6.820753574371338,0.0,0,1
smile.3853_9178,smile.3801,1,0.0,0.7975945472717285,1,1
smile.2670_5192,smile.5987,0,6.124685764312744,0.0,0,1
smile.7337_11822,smile.6898,1,0.0,4.157718658447266,1,1
smile.6440_10367,smile.163183,0,1.998859167098999,0.0,0,1
smile.26277_9339,smile.65057,0,9.947564125061035,0.0,1,1
smile.2010_6172,smile.9217,0,15.309152603149414,0.0,0,1
smile.1146_31617,smile.388677,1,0.0,3.9383130073547363,1,1
smile.4088_900229,smile.8548,0,6.812373638153076,0.0,0,1
smile.6812_13916,smile.8676,1,0.0,5.247957706451416,1,1
smile.1413_22896,smile.79959,1,0.0,4.988994598388672,1,1
smile.3849_30966,smile.3866,0,1.4198071956634521,0.8951850533485413,0,1
smile.26121_27858,smile.10922,0,12.671031951904297,0.0,0,1
smile.50674_27916,smile.6938,0,1.0106921195983887,0.0,1,1
smile.23495_900189,smile.6449,0,2.9317617416381836,0.0,0,1
smile.1019_7693,smile.896,0,3.485684871673584,0.0,0,1
smile.84547_900216,smile.4223,0,5.848184585571289,0.0,0,1
smile.222662_3286,smile.2686,0,2.8342370986938477,0.0,1,1
smile.6258_12775,smile.10062,0,12.509782791137695,0.0,0,1
smile.4059_19476,smile.11275,0,3.275902271270752,0.0,0,1
smile.91647_20861,smile.373,1,0.0,5.617025852203369,1,1
smile.51251_900163,smile.29979,0,1.7771202325820923,0.0,0,1
smile.56997_7778,smile.92840,0,6.8857221603393555,0.0,0,1
smile.9516_900154,smile.29979,0,8.088652610778809,0.0,0,1
smile.9370_31132,smile.147872,0,10.393523216247559,0.0,0,1
smile.7170_10342,smile.7138,1,0.0,2.9642751216888428,1,1
smile.170261_18533,smile.9240,0,1.345707893371582,0.4102464020252228,0,1
smile.114327_14148,smile.80258,0,1.082558035850525,0.0,0,1
smile.56997_7780,smile.57085,1,0.2895951569080353,1.4008411169052124,0,1
smile.114327_14138,smile.80258,1,0.0,3.5330023765563965,1,1
smile.2010_6171,smile.80342,0,10.215058326721191,0.0,0,1
smile.2670_5153,smile.2801,0,8.510969161987305,0.0,0,1
smile.361_21367,smile.10488,0,4.1582722663879395,0.0,0,1
smile.88_900208,smile.1382,1,0.0,3.3748667240142822,1,1
smile.4000_7240,smile.93426,0,1.5641816854476929,0.15948238968849182,1,1
smile.2203_4167,smile.8789,0,2.9850645065307617,0.0,0,1
smile.9129_5698,smile.1912,1,0.0,2.365057945251465,1,1
smile.15_900207,smile.8553,0,6.652876377105713,0.0,0,1
smile.51251_23456,smile.29979,0,0.5452162623405457,0.45317795872688293,0,1
smile.10133_11120,smile.8697,0,7.396142959594727,0.0,0,1
smile.1019_7693,smile.595,0,3.5727808475494385,0.0,0,1
smile.2670_5209,smile.5987,0,4.979018211364746,0.0,0,1
smile.7050_2923,smile.1488,0,4.919548988342285,0.0,0,1
smile.81839_20657,smile.10488,0,4.350393295288086,0.0,1,0
smile.7170_10342,smile.54535,1,0.0,2.9642751216888428,1,1
smile.6812_13919,smile.10475,1,0.0,3.5248358249664307,1,1
smile.5836_30087,smile.5834,0,6.857690334320068,0.0,0,1
smile.2010_6159,smile.89885,0,9.92024040222168,0.0,0,1
smile.26121_27858,smile.9911,0,13.1561279296875,0.0,0,1
smile.54840_30204,smile.9240,1,0.31302231550216675,0.883347749710083,1,1
smile.4292_4520,smile.4107,0,7.4617719650268555,0.0,0,1
smile.1031_23767,smile.60491,1,0.2063121497631073,0.8668017387390137,1,1
smile.4292_4400,smile.163,1,0.0,2.8484625816345215,1,1
smile.114327_14141,smile.85376,1,0.0,4.140471935272217,1,1
smile.60_12760,smile.10486,0,5.986021041870117,0.0,0,1
smile.3853_9178,smile.8687,0,2.228910446166992,0.0,0,1
smile.79577_20643,smile.2801,1,0.0,4.23951530456543,1,1
smile.3853_9179,smile.2801,0,8.159469604492188,0.0,0,1
smile.2010_6171,smile.80125,0,9.530736923217773,0.0,0,1
smile.7592_900188,smile.171483,1,0.05954170599579811,1.1349265575408936,0,1
smile.22954_7117,smile.10567,1,0.0,2.7151551246643066,1,1
smile.5892_900197,smile.84970,0,10.935550689697266,0.0,0,1
smile.7170_10346,smile.3298,1,0.0,2.970486640930176,1,1
smile.10133_11117,smile.51019,0,4.211877346038818,0.0,0,1
smile.6513_33144,smile.10488,0,4.410057544708252,0.0,1,0
smile.443_15707,smile.91703,1,0.0,2.595564842224121,1,1
smile.7050_2914,smile.1488,0,6.671307563781738,0.0,0,1
smile.88_900205,smile.87,1,0.0,2.4376792907714844,1,1
smile.84547_900214,smile.51282,0,6.428514003753662,0.0,0,1
smile.114327_14138,smile.22806,1,0.0,3.084754467010498,1,1
smile.55505_12478,smile.55651,0,6.879182815551758,0.0,0,1
smile.3853_900195,smile.57159,0,8.200551986694336,0.0,0,1
smile.9129_5698,smile.11043,0,2.03452467918396,0.0,0,1
smile.2896_3613,smile.3198,1,0.0,3.797724723815918,1,1
smile.2896_3635,smile.388818,1,0.0,1.0813727378845215,0,1
smile.56997_7780,smile.113878,1,0.2895951569080353,1.4008411169052124,1,1
smile.9129_5696,smile.89797,0,3.5263471603393555,0.0,1,1
smile.7428_22297,smile.4188,0,7.298320770263672,0.0,1,1
smile.55315_32045,smile.10488,0,1.534266471862793,0.0,1,1
smile.79577_20643,smile.7024,1,0.0,3.209911823272705,1,1
smile.26121_27858,smile.7572,0,11.325382232666016,0.0,0,1
smile.978_20221,smile.84708,0,3.0504815578460693,0.0,0,1
smile.359_18692,smile.10488,0,0.4992530345916748,0.4102911949157715,0,1
smile.88_900208,smile.10534,1,0.0,3.1285998821258545,1,1
smile.191_10863,smile.91369,0,2.6051316261291504,0.0,0,1
smile.84693_900217,smile.116173,0,7.640833854675293,0.0,0,1
smile.4292_4554,smile.4656,1,0.0,2.426666021347046,1,1
smile.759_15515,smile.7024,0,4.346775054931641,0.0,0,1
smile.7168_8950,smile.8379,0,11.292654037475586,0.0,0,1
smile.2670_5209,smile.2670,0,6.6655354499816895,0.0,0,1
smile.3329_7062,smile.84445,0,10.224543571472168,0.0,1,1
smile.5354_7860,smile.5798,1,0.0,2.992954730987549,1,1
smile.3849_30963,smile.8687,0,3.028913736343384,0.0,0,1
smile.5360_9311,smile.10488,0,7.394951820373535,0.0,0,1
smile.114327_14138,smile.85376,1,0.0,4.19383430480957,1,1
smile.10133_11117,smile.8697,0,3.7565701007843018,0.0,0,1
smile.7421_18433,smile.4223,0,3.8263602256774902,0.0,0,1
smile.114327_14148,smile.2801,0,1.325387716293335,0.0,0,1
smile.170261_18533,smile.7024,1,0.5808743238449097,0.8120060563087463,0,1
smile.114327_900199,smile.85376,0,10.406524658203125,0.0,0,1
smile.785_36106,smile.80258,1,0.5262360572814941,1.3019087314605713,0,1
smile.3853_9184,smile.125115,1,0.4794923663139343,0.7858244180679321,1,1
smile.5892_900197,smile.339834,0,11.83537769317627,0.0,0,1
smile.2993_10274,smile.6449,0,0.9688206911087036,0.04415777325630188,1,1
smile.4281_20182,smile.11043,0,6.90664529800415,0.0,0,1
smile.5997_10053,smile.23281,0,9.136120796203613,0.0,0,1
smile.1413_22895,smile.2202,1,0.0,5.304588317871094,1,1
smile.2010_6161,smile.7718,0,13.906405448913574,0.0,0,1
smile.6898_28866,smile.2752,1,0.0,1.8034547567367554,1,1
smile.84547_900222,smile.342945,0,8.798495292663574,0.0,0,1
smile.1413_22895,smile.79959,1,0.0,5.5637383460998535,1,1
smile.56997_7778,smile.10567,0,6.8857221603393555,0.0,0,1
smile.114327_900199,smile.56904,0,10.406524658203125,0.0,0,1
smile.3329_7063,smile.9911,0,5.798489093780518,0.0,0,1
smile.2010_6172,smile.7718,0,13.635391235351562,0.0,0,1
smile.7428_22221,smile.4188,0,8.05536937713623,0.0,1,1
smile.8529_900157,smile.10488,0,5.697823524475098,0.0,0,1
smile.81_9357,smile.8470,0,2.4617114067077637,0.0,0,1
smile.2203_4169,smile.8789,0,4.74786376953125,0.0,1,1
smile.169026_28446,smile.90993,0,3.6449179649353027,0.0,1,1
smile.1413_900166,smile.57409,1,0.0,4.480250358581543,1,1
smile.84547_900216,smile.7186,0,6.1124396324157715,0.0,0,1
smile.4088_20082,smile.166,0,10.29100227355957,0.0,0,1
smile.5892_900197,smile.51421,0,13.444867134094238,0.0,0,1
smile.114327_14147,smile.6925,1,0.0,4.035521507263184,1,1
smile.2896_3613,smile.10539,1,0.0,4.213057041168213,1,1
smile.3853_9179,smile.24144,0,7.656496524810791,0.0,0,1
smile.1019_7693,smile.894,0,3.3224940299987793,0.0,1,1
smile.51114_6216,smile.10488,0,1.5776065587997437,0.0,1,1
smile.55145_2857,smile.55145,0,5.751932144165039,0.0,0,1
smile.4938_30088,smile.10640,0,10.442794799804688,0.0,0,1
smile.1019_7693,smile.1032,0,3.5156795978546143,0.0,0,1
smile.5727_23211,smile.10488,1,0.0,5.565371036529541,1,1
smile.26121_27858,smile.202559,0,12.04769515991211,0.0,0,1
smile.56997_7777,smile.51100,1,0.0,2.418710947036743,0,1
smile.5892_12776,smile.3866,1,0.04209895431995392,1.6368613243103027,1,1
smile.6517_23123,smile.10488,0,2.9185376167297363,0.0,0,1
smile.6770_1250,smile.4110,1,0.0,2.8809447288513184,1,1
smile.114327_14147,smile.56904,1,0.0,4.578949928283691,1,1
smile.6440_10350,smile.163183,0,11.26116943359375,0.0,0,1
smile.1413_22895,smile.80125,1,0.0,5.5637383460998535,1,1
smile.9247_23001,smile.86614,1,0.3259005844593048,0.3729373514652252,1,1
smile.2670_900221,smile.3880,0,8.231070518493652,0.0,0,1
smile.1019_7696,smile.595,0,13.139684677124023,0.0,0,1
smile.2670_5153,smile.3860,0,10.525080680847168,0.0,0,1
smile.5727_23212,smile.10488,1,0.0,2.4893617630004883,1,1
smile.3853_900200,smile.8687,0,10.172100067138672,0.0,0,1
smile.22954_7116,smile.10567,0,1.2396302223205566,0.0,1,1
smile.22954_7115,smile.10152,0,2.6552648544311523,0.0,0,1
smile.240_28873,smile.79802,0,6.233699798583984,0.0,0,1
smile.7421_18433,smile.9319,0,3.2855608463287354,0.0,0,1
smile.56997_7775,smile.100288797,1,0.0,2.50038743019104,1,1
smile.2010_6161,smile.117144,0,14.837835311889648,0.0,0,1
smile.1543_15154,smile.116173,0,8.201702117919922,0.0,0,1
smile.9672_900194,smile.386682,0,6.095455169677734,0.0,0,1
smile.88_900208,smile.6726,1,0.0,3.1627871990203857,1,1
smile.56997_7780,smile.92840,1,0.0,3.20447039604187,1,1
smile.6812_13919,smile.79173,1,0.0,4.9695000648498535,1,1
smile.1146_31617,smile.386682,1,0.0,3.1534619331359863,1,1
smile.8985_12131,smile.10919,0,9.083900451660156,0.0,0,1
smile.2670_5192,smile.2670,0,7.815374374389648,0.0,0,1
smile.26121_27858,smile.9659,0,11.174420356750488,0.0,0,1
smile.26121_27858,smile.79797,0,11.325382232666016,0.0,0,1
smile.2010_6161,smile.80125,0,13.717432975769043,0.0,0,1
smile.84547_900216,smile.3164,0,6.016605377197266,0.0,0,1
smile.56997_900203,smile.57146,0,8.518043518066406,0.0,0,1
smile.2896_3634,smile.80125,1,0.0,3.1051671504974365,1,1
smile.91647_20861,smile.8470,1,0.0,3.1375374794006348,1,1
smile.93145_5218,smile.386682,0,7.7267866134643555,0.0,0,1
smile.3853_9186,smile.125115,1,0.0,1.724194884300232,1,1
smile.10469_17555,smile.116173,0,5.8302178382873535,0.0,0,1
smile.88_19478,smile.53340,1,0.0,4.046869277954102,1,1
smile.114327_14148,smile.85376,1,0.3263295292854309,0.3847275376319885,0,1
smile.26121_27858,smile.64753,0,12.13316535949707,0.0,0,1
smile.2512_8432,smile.2512,1,0.0,1.629156470298767,1,1
smile.2668_22890,smile.57085,0,9.500410079956055,0.0,0,1
smile.226_709,smile.230,0,3.5085442066192627,0.0,1,1
smile.2896_3622,smile.10539,0,9.472186088562012,0.0,0,1
smile.191_10863,smile.79078,0,2.6051316261291504,0.0,1,1
smile.170261_18533,smile.7341,1,0.0,3.234724998474121,0,1
smile.2328_17243,smile.10488,0,2.626157283782959,0.016265064477920532,1,1
smile.7170_10341,smile.93426,0,2.876206874847412,0.0,0,1
smile.1413_900166,smile.9457,1,0.0,6.080666542053223,1,1
smile.79577_20642,smile.80321,1,0.0,4.407732009887695,1,1
smile.7284_6726,smile.116173,0,13.972138404846191,0.0,0,1
smile.50943_27193,smile.11030,0,7.370029449462891,0.0,1,1
smile.3849_30963,smile.3866,0,4.083152770996094,0.0,0,1
smile.6595_20556,smile.222389,0,7.876880645751953,0.0,0,1
smile.79577_20642,smile.7024,1,0.0,3.7784383296966553,1,1
smile.7170_10339,smile.8379,0,12.965378761291504,0.0,0,1
smile.71_20917,smile.71,0,9.301690101623535,0.0,0,1
smile.114327_14141,smile.7205,1,0.0,1.5390338897705078,1,1
smile.55163_8609,smile.116173,1,0.0,3.584045648574829,1,1
smile.3853_900196,smile.3881,0,15.163569450378418,0.0,0,1
smile.1413_22896,smile.163154,1,0.0,4.454034328460693,1,1
smile.3875_5680,smile.93426,0,1.900307536125183,0.0,0,1
smile.170261_18534,smile.4110,1,0.0,1.4655258655548096,1,1
smile.6770_1248,smile.4110,0,1.4418340921401978,0.0,1,1
smile.5892_900197,smile.84708,0,11.067516326904297,0.0,0,1
smile.9145_6423,smile.10488,1,0.0,5.172135829925537,0,1
smile.1146_31616,smile.4223,1,0.0,5.5726470947265625,1,1
smile.84547_900215,smile.55663,0,15.192569732666016,0.0,0,1
smile.88_900208,smile.10399,1,0.0,3.1157820224761963,1,1
smile.9129_5698,smile.56658,1,0.0,2.9405601024627686,1,1
smile.4292_4465,smile.54906,0,0.7675056457519531,0.08544641733169556,1,1
smile.8813_10349,smile.6999,0,3.754157304763794,0.0,0,1
smile.1413_22895,smile.57409,1,0.0,5.028777599334717,1,1
smile.191_10866,smile.79078,0,4.611093044281006,0.0,0,1
smile.88_19478,smile.8294,1,0.0,4.462883472442627,1,1
smile.88_900205,smile.83473,1,0.0,5.705426216125488,1,1
smile.3849_900198,smile.3860,0,10.137880325317383,0.0,0,1
smile.55163_900160,smile.116173,0,1.3881224393844604,0.7485929727554321,0,1
smile.9370_31131,smile.6449,0,8.34967041015625,0.0,0,1
smile.10133_11120,smile.10318,0,8.705070495605469,0.0,0,1
smile.7168_8952,smile.285782,0,9.435354232788086,0.0,0,1
smile.4068_21328,smile.89884,0,7.6558661460876465,0.0,0,1
smile.311_9654,smile.55165,0,6.472696781158447,0.0,0,1
smile.7137_30770,smile.7125,0,8.646136283874512,0.0,0,1
smile.767_23161,smile.23062,1,0.0,3.5623209476470947,1,1
smile.1413_22896,smile.7205,1,0.0,2.755845546722412,1,1
smile.114327_900201,smile.56478,0,15.28397274017334,0.0,0,1
smile.114327_14141,smile.7186,1,0.0,2.4770991802215576,1,1
smile.7168_8950,smile.2801,0,8.538312911987305,0.0,1,1
smile.88_900208,smile.2625,1,0.0,2.7510688304901123,1,1
smile.361_21366,smile.10488,0,2.5902657508850098,0.0,0,1
smile.5892_12776,smile.51421,1,0.40553534030914307,1.3731547594070435,0,1
